{
  "hosting": {
    "public": "dist",
    "ignore": [
      "firebase.json",
      "**/.*",
      "**/node_modules/**"
    ],
    "rewrites": [
      {
        "source": "**",
        "destination": "/index.html"
      }
    ]
  },
  "emulators": {
    "dataconnect": {
      "dataDir": "dataconnect/.dataconnect/pgliteData"
    }
  },
  "dataconnect": {
    "source": "dataconnect"
  },
  "firestore": {
    "rules": "firestore.rules",
    "indexes": "firestore.indexes.json"
  },
  "functions": {
    "source": "functions"
  },
  "database": {
    "rules": "database.rules.json"
  }
}
